-- phpMyAdmin SQL Dump
-- version 4.4.10
-- http://www.phpmyadmin.net
--
-- Host: localhost:3306
-- Generation Time: Sep 10, 2016 at 10:48 AM
-- Server version: 5.5.42
-- PHP Version: 5.6.10

SET SQL_MODE = "NO_AUTO_VALUE_ON_ZERO";
SET time_zone = "+00:00";

--
-- Database: `nerdcms_db`
--

-- --------------------------------------------------------

--
-- Table structure for table `addresses`
--

CREATE TABLE `addresses` (
  `address_id` int(11) NOT NULL,
  `address1` varchar(255) NOT NULL,
  `address2` varchar(255) DEFAULT NULL,
  `city` varchar(255) NOT NULL,
  `postal_code` varchar(12) NOT NULL
) ENGINE=InnoDB DEFAULT CHARSET=latin1;

-- --------------------------------------------------------

--
-- Table structure for table `albums`
--

CREATE TABLE `albums` (
  `album_id` int(255) NOT NULL,
  `name` varchar(60) NOT NULL,
  `description` varchar(140) NOT NULL,
  `author` varchar(60) NOT NULL,
  `parent_id` int(255) DEFAULT '0',
  `type` varchar(12) NOT NULL,
  `secured` tinyint(1) NOT NULL,
  `path` varchar(1000) NOT NULL,
  `user_id` int(255) NOT NULL
) ENGINE=InnoDB AUTO_INCREMENT=82 DEFAULT CHARSET=latin1;

--
-- Dumping data for table `albums`
--

INSERT INTO `albums` (`album_id`, `name`, `description`, `author`, `parent_id`, `type`, `secured`, `path`, `user_id`) VALUES
  (3, 'Contacts', '', 'admin', 0, '', 0, 'contacts', 26),
  (5, 'Users', '', 'admin', 0, '', 0, 'users', 26),
  (8, 'Products', '', 'admin', 0, '', 0, 'products', 26),
  (22, 'admin''s Contacts', '', 'admin', 24, '', 0, 'users/admin/admin''s contacts', 26),
  (24, 'admin', '', 'admin', 5, '', 0, 'users/admin', 26),
  (55, 'sdgsd', '', 'admin', 8, '', 0, 'products/sdgsd', 26),
  (56, 'jorn', '', 'admin', 55, '', 0, 'products/sdgsd/jorn', 26),
  (57, 'jorn', '', 'admin', 8, '', 0, 'products/jorn', 26),
  (61, 'jorn', '', 'jorn', 5, '', 0, 'users/jorn', 27),
  (62, 'jorn''s Contacts', '', 'jorn', 61, '', 0, 'users/jorn/jorn''s contacts', 27),
  (78, 'jorn3', '', 'admin', 8, '', 0, 'products/jorn3', 26),
  (79, 'jorn2', '', 'admin', 55, '', 0, 'products/sdgsd/jorn2', 26),
  (80, 'henkie', '', 'admin', 5, '', 0, 'users/henkie', 26),
  (81, 'henkie\\''s Contacts', '', 'admin', 80, '', 0, 'users/henkie/henkie\\''s Contacts', 26);

-- --------------------------------------------------------

--
-- Table structure for table `categories`
--

CREATE TABLE `categories` (
  `categorie_id` int(255) NOT NULL,
  `title` varchar(150) NOT NULL,
  `description` varchar(160) NOT NULL,
  `content` varchar(5000) NOT NULL,
  `keywords` varchar(3000) NOT NULL,
  `approved` tinyint(4) NOT NULL DEFAULT '0',
  `author` varchar(30) NOT NULL,
  `type` varchar(15) NOT NULL,
  `date` date NOT NULL,
  `parent_id` int(30) DEFAULT '0',
  `trashed` tinyint(1) NOT NULL DEFAULT '0'
) ENGINE=InnoDB AUTO_INCREMENT=21 DEFAULT CHARSET=latin1;

--
-- Dumping data for table `categories`
--

INSERT INTO `categories` (`categorie_id`, `title`, `description`, `content`, `keywords`, `approved`, `author`, `type`, `date`, `parent_id`, `trashed`) VALUES
  (11, 'Jorn', '', '', '', 0, 'admin', 'post', '0000-00-00', 0, 0),
  (12, 'Pietje', '', '', '', 0, 'admin', 'post', '0000-00-00', 0, 0),
  (13, 'snoepje', '', '', '', 0, 'admin', 'post', '0000-00-00', 0, 0),
  (14, 'Woody', '', '', '', 0, 'admin', 'post', '0000-00-00', 0, 0),
  (17, 'sdgsd', '', '', '', 0, 'admin', 'product', '0000-00-00', 0, 0),
  (18, 'joden', '', '', '', 0, 'admin', 'post', '0000-00-00', 0, 0),
  (19, 'test', '', '', '', 0, 'admin', 'post', '0000-00-00', 0, 0),
  (20, 'dsa', '', '', '', 0, 'admin', 'post', '0000-00-00', 0, 0);

-- --------------------------------------------------------

--
-- Table structure for table `contacts`
--

CREATE TABLE `contacts` (
  `contact_id` int(255) NOT NULL,
  `first_name` varbinary(500) NOT NULL,
  `last_name` varbinary(500) NOT NULL,
  `phone_1` varbinary(500) NOT NULL,
  `phone_2` varbinary(500) NOT NULL,
  `email_1` varbinary(500) NOT NULL,
  `email_2` varbinary(500) NOT NULL,
  `dob` varbinary(500) NOT NULL,
  `street` varbinary(500) NOT NULL,
  `street_num` varbinary(500) NOT NULL,
  `street_num_add` varbinary(500) NOT NULL,
  `zip` varbinary(500) NOT NULL,
  `notes` varbinary(500) NOT NULL,
  `trashed` tinyint(1) NOT NULL DEFAULT '0',
  `approved` tinyint(4) NOT NULL DEFAULT '1',
  `img_path` varbinary(500) NOT NULL,
  `user_id` int(255) NOT NULL
) ENGINE=InnoDB AUTO_INCREMENT=23 DEFAULT CHARSET=latin1;

--
-- Dumping data for table `contacts`
--

INSERT INTO `contacts` (`contact_id`, `first_name`, `last_name`, `phone_1`, `phone_2`, `email_1`, `email_2`, `dob`, `street`, `street_num`, `street_num_add`, `zip`, `notes`, `trashed`, `approved`, `img_path`, `user_id`) VALUES
  (18, 0x6130383931653663636136636231316538663231346563373465656264633435356530386264356432656331356639336661323066373461353766356432323964613236636132653231626533316438633338326533376435396461303761326331653766646564376639623830353531633363616232383962376265623264, 0x6333646138393761306632326163346534373832303735303661323132663263333930623836373763383338333166393237646138323533353961393135666131393430366239303063373638363162353261346439646164393462616632353036343739626337323330323362303861353933386263306237396166653662, 0x6138313334633836386633356339633536356239366166323432636338303331316630333631363366613235626265303161656136653834383661616239373230346166383732376231613562363333323837653135623236613763333432653434613363663164663630613534393335313061323337653030353066383532, 0x6533623266336237666261323735356131353138393065306266383330363437623039656430313737636566313830633961323339613365653636656630326662306439646233313662386633326435643061303964316538633261373039386533346435373434643438366330613361633237313262626666636438303839, 0x3137643263633238396238316562323437333833303531366436636138333665383664373739323866636637333837343031613163346332396662396638363838383966396439646634393461393539643530393831653461313536373431346363336136613731363062303538356439616362653364656331316364306661, 0x6137346563633632313562303632646430336262656365316564373230626561363966613761623466613361663933333334393563396665346333306233653232313234643036306437613035623433323862613835353964303739373731323030393465333566646233386136363235376534393666333538666532323064, 0x3732656538643030633934626138653366363239646435313131616662303165383766666661643462633730363232666133666361343531313337626263396161326663643866643736343861353861383462306533616430626233643537663232383132383638323833643337383731613264633935646565323564613638, 0x3230393766376536653735653561316637636264333764366564636432313931386232366136636162343031343566353333326139616632343337383634633731643234396232373834393661613566346631346132303431666630393739333035343761626630613138653037643736383736303964653361336235633961, 0x6236363531396238343736386366666330343637623032333536343264353630326337316535323766313662663164326436633135633366633136313432373664613265663135313465303732336166656561333963616437376265373236393430366664343566633339393133303365633330343835343161663237623436, 0x3361376230613234383062356235313232623763643137323231656139373163373031613963666332386265366335373334653931643238373738626162633630396139623066366339323964323937303630356338353939376335613432316639653666643536643766333962663735383439326332343764313436363535, 0x6135643564643964326133333037636633306666376362356663313739626535343361386230646139636632653839336666663466663566393561323364386365336637633139666132396237383635653938343834396131663438373563613561396362333638343032306135303362353533323164636233613865383230, 0x3038623733393533643638376432373430393933363637393164626435336632643736363638616462393465383234363636636361333961313063376235356566663531366233343164363537613530366236383635393461663237376466643439326466386161626336393339333661643362303565353630346634613839, 0, 1, 0x66696c65732f7468756d62732f636f6e74616374732f646561642e706e672e7468756d625f35363465646461383361303737362e38303935303431352e706e67, 22),
  (19, 0x3236376139656339303531366664633065306137656233346161393138396635343563343663656538653536313531383538343961343463646334666335653430313235343861383436616466653635623836633635323033636464636436363634306366303933313339653936373538643330366339303235336636626535, 0x3862353036623233623430663064613235303936386134636231323235663734396438313962353136396238643362333733333666396638313636313638346265346533633063643566303531393936633931313563393033623737313963643333353763326566303530323334323132366435356330323534336236306165, 0x3430636635616437343838663264626339303934653766313439616665366533333737353532393961626562303264333838316334323961633065383362373734666263653437626363363633303338366261626237356139326339366139623963636439313436356636343532666233323764623732646530323462666333, 0x3236353939383463373032636533633639356139363162646538306363343032643137346331633938323561643964306535306363643032343837633231343535356662303630376535356531326637356264376435653739323363393166663039623432666232353233653461396538323638346661363965306332623836, 0x3836333133616235316339613234363237363733666339343938383663383139363662316565353133616137313066383535633565613763633766343538376465386165653634396233393035306137623762333035316132383633303533626637366632666637333138613037666165633464323030373262653065396234, 0x3863343766313339666133386666646362376163366130613132333335326331656233646165636466626132663339386237653038646431376665343761383365666335353033623339633562663532666465613038363263626136386535366162313536646436343564623062313166616362353263626562373133626665, 0x6264303666653466643338313539653465626435656665613036373664373634356432353234653735666237366665636339663533623034363133336538303037353938346530633532303738366663313730313066613664636632623264316566623731633630343630616137313165663934666361336236663632346435, 0x6335336135366665666166623663396237356433653331363831623135396363373537623434336435383865363737313965663764386331333539653135646464653338373132303930623037323330666531323734663532316537303530396435396335343532336337366663363134373864616239663765336464663965, 0x3435336662663739633137663561656330363965313130363061383031333035383163353961393966613930333463373033303163663764323566333737663033336665646566383835393030336465373663363339376562333365323366303038613866306364396432393363623161393261353037366437393962346239, 0x6632613965376264663131306235623033316165383037333232656664623364363631323835383963336465366165323564333264373033373061623161373632316438643834303262383265366638393138653339343831393666303866333664393735346361393433333762363736633566653562643635326239636166, 0x6537306138353739656166633763663462346233613363343538326239613139626362376265666566636132643936613162353930653966376563336138616366303135343763363861326336333130386261323436333166666231363830613334353331626665326333326261656332663138636265323434636332306566, 0x3463336532626466373938333538373133643035383362313835366436396636666264333837346466613636306439373366386137353436393263346435383939643936653830316232653535393531623438363838333534383761363361613831383666626663336137653137646634306566376438336635313535333738, 0, 1, 0x66696c65732f7468756d62732f75736572732f61646d696e2f2f646a2d6a6f726e2d732e4a50472e7468756d625f35363861613037633936646233332e32333536373633362e6a7067, 26),
  (20, 0x6261363666636263643762613263343165613833643733616663613639336230636264336139313638646338663731626261336266373131646537333262626562343065303733633565333864393935343365636266303435346666396233616465323835306539363765316436376638303139373432616539396331643633, 0x3930313965643566353334376266636432636565323063666362363831383239363763396637366433316334323261643562383466366530646536323765653763623739633561393736633436343365316565623264363863643138626265363232666538653938373035373462363538663333333531623938656138613536, 0x3830633165376335313535373565303831623839353862306232636239386432353161353461633732353638386230376232373133663866353534336534353064663766303934323131386164646631333139653733363163666334393862353861613765623331666634396137653264353738353863646666353330343364, 0x3731626661666639663364336161393736656332303465313836646634316436643263393534613830626438323637646365353232616466616633306135373765623138303332616631396137346531613931663737323630376430333836303834363136666234653266326230336339313865663366393835656632306439, 0x6365336539303432643634383333336237646666303666623532306334616263353638343931363833646265366433393663653330336265316634363833623362373263353636396563376363346235333036396464356531636330353636623332313838323536613134326131303431616663656166616463363039646336, 0x3563343162366562373633306339343964376166346462626663633030333563333631653232373832353439363466643532613533333831643737633236366435303066373034656336383361666565313166333030343166376361613933623962313933633664643161366431623563653432356565316331353864633732, 0x6139623762623162626530316461383337643339376231363732396334386165313531383537613738613738353863366330643031393932303464363337643330373634666430373265316462636337643164366638366636353962316464343731366533353365393931366138333163343461356635616539363034643432, 0x3863363931313761326233623935656439376534636336383763313536323161663462313163373365383263636133616530633533343363356636353033333462313938313966353631616634303338336438303134666564383561363466643736303539353562643363333433353565646438663733613036333933313837, 0x6133646461666131393730326566323833386561623163633533356133316230376638623966353930316234393466313836373861326665326532396533313538643037613430623934333866333033643434666563643766333831646637623537616636633339613565646561313264326334653534336564353931373139, 0x3366383636633933323564346430313066343136323631343166333632376266393962633962643835376266633632393934366566666462616261306236653133633832333038643133373830646435386165663631343631643434376132333435326464383062313233666464333462333837333238363134376162643635, 0x6136343964326363636663336130323464633231356266303835393336386263373138396164386138363761353731343566376331643630393539303565376564393730356238353763363538643966643361326236316361626336323330343430316639316366353965393437663064623034663166306536376261383362, 0x3764356336623832323630653562383066646366643463663630643966313863386461376663636464383332633062303738623632366563623939326361346364323661396536393163623932336230356132383663333330303133613639316639373134663363313639343733373838303534333736656464663330383435, 0, 1, '', 28),
  (21, 0x6534616362376537323933623563383537623461373035313364643964616535313337613962393633336665333634346630323063393733663066663162633731383765393463656132623438653663353861646335613837653533386135643631366433343064653238616561353737356264633835636235323365306333, 0x6533653163396137663764343561656434343932333362346638653132646362383564656431323835633363383934353663633561623731356436613231376538633236333231666466626532323737386162383934313234646138656235343035613537303230353032666136636264653538643662353435333034316338, 0x6630316531646131336230646438343066633234373539393262323035393063383330613535613133653866633536303738346662333366653539336534636435633261656138316131383331386138623035633839326661646161643361303831623937343931383565393831616266313234373734373962386434626637, 0x3666393066633439623333323465656162376336326666346433383964396164316363636265646561363731363635343034356439383337636631336630326333313434303333363134313039616136626333376665346534383235313431353662336138623730376165343530613364383736353365613830656363303366, 0x33396165363261333531373765343864396166306632396135333932616365643566663631626534323265613538663865656663363333343233363163653066646332316562316334333739373933643363623665613030353938376633653931376361616338316161636437336365323666616439663838316333323566656466313664303434333764373536356332623737313034646133616532613363, 0x33366331623239346339653332353236313337646664626662383331363163663464303139666263346535393432303933316465616130363031613563316663313039616364353066663334663231326534356265363266666536646435643032336637633836393130353938323733373935623035303038303633366333616261363339666633306530623936616163326564626534383435333135366531, 0x6666363735373031303933663432393961663363313736373635373033323930313166333536323261373466613430313838336338336331303563393639393961333462393866376431323335653337303838666165313664386162643561633735363864663737326133393735656366346466663066306530303063316435, 0x6337363237323232643432373363343032323234353466376532653338366563656264363930616234366139643138376366393939663662306134366631633862646431363866313062333739626130363361633665306136353361636439643334306431643438356364376132383135343936396363623964396436653863, 0x6537396561353666323133356264306234333563393666653463333433643364363364313037316334396538376632343331643934306434623662356133626131633832633030336231366132633031346634633332666362356263313635323364393236356634353463373061333263303938643764626466373738383566, 0x3366336234383965373936336562346431313332333835383239363836396531663563303065376339376235633033353736636136666538626533316364613834313263353530666364656462383338366137653465356437356361396366376132343836306666383562303466373364376639396537343134663764313163, 0x6134373235306264616335323933366466646662366465383263356232616235333431323535333938646632353866323664643032633936303530393430653532613134326130663338613335633664643533313566663865636436323361393537313633643738633562623931353134356132656331653861613933383736, 0x3864316161656665306636333662303763373037336266646130323465363337386662306438626338326166393934386434656630326434373964303865396432616537393538613431653135386332623239326131303664366138396665653738306161303038383235616664646633363365393932626237666365613439, 0, 1, 0x66696c65732f7468756d62732f75736572732f6c6f7474652f2f6c6f747465277320436f6e74616374732f666c796572312e6a70672e7468756d625f35363861366631623238353030312e36363331323332362e6a7067, 29),
  (22, 0x3665633962653062353466666331323665343264363832383034333162633731633030306231643762663962313138343037336561366264393563643065616135383832336563636466346662653436333037626137363139666335643066396133386538303335616637373163623433346339373932323062323463363532, 0x6134643234333333313365353330373932646631333863306666623861303635636262656262343330383863353162303437363562336634316638643264323763323637303066633435386331643566363530376438393865376661623266393165613131396139613134663766343034643866666163306333613032393536, 0x3832353865653433343363353063333130313630636135663039336666356165356538623431643034656439346263326238616434363335653331626236653738366537393635366566613136623262346137646564663832363731326638366436396430656339623136343832666162383232623761383837656434353738, 0x6430356134373737306631343065663939326361636166356661316135643733616339343234633138363964636566386163396665363933653364663639313363663034623935366130396238303062346366376138336161623533336239323634306438623132383732323435636636313834616338366464636463666165, 0x37306565653762653863383531336564633938343762373864356164383433613638646364386238393665616134346235663863353735343532326330636533316137383830663436313862373961386361346338646536373231366166336236636338356432376265316231366237623133363434643836393965396636383964313237636531656335613830656565323631383532613766333839336264, 0x35623637663134653963353330643362343465653734366133316138366463313964663632326233373963303763613633396430323435643538346466303833316463653638313731333039333739333230316564363238343133396631643332646137373430633637393365313366643132656362396231623033643032633766303830653737363364353934626635333737333334386261376465613765, 0x6136353630646538313839393436616637343237353839336362616331623131656366306234653137366438313462653964303066383634393666616530306334383436656335386265656330363336653834616665653438623635313761303930376263623464313738346661343331366534303635643539636665303832, 0x3739393435333564346133383739393932383937393331623731653864626132326638656365613834616566346664343638613439386161336264613165636233643436383234363936356230383931626239643664313764363763346436643136623333373466323463373034353331623766646664313862323262343764, 0x3136303132643534366237333332346332396466313936376632653561313138396634373664333162666332643362396562343266393164306366303038333262656465626230366364396161386664626538363762343735363266373335636334396339666434303732363738333365353636336230636632343864306332, 0x6630343839633934356437323736616664323662656365323339666266393662646338353137343565343962336465333135393666316665356531633037643664316132353132313637643262336235656334366535636630353166386536333236366439343632633833393638353262623361303063373036663738376231, 0x3461356161366131383333643733313437393330376165353061633531623134646663653661306139373339316634383434383561663336643166666630313231356333613031636435386335326436353561353738383361363630346136303762626639326266636435613831363963316435343866326436336336653639, 0x3061383636613462643064646165303439393736613733643765633530383233623730396431356336356435333031383838636564666431373566333031326464613539363432343135306363666138343234373766633537376538353635313133333562623437323133323665396166386566366531663266393937313334, 0, 1, '', 26);

-- --------------------------------------------------------

--
-- Table structure for table `customers`
--

CREATE TABLE `customers` (
  `customer_id` int(11) NOT NULL,
  `name` varchar(255) NOT NULL,
  `email` varchar(255) NOT NULL,
  `phone` varchar(15) NOT NULL,
  `address1` varchar(200) NOT NULL,
  `address2` varchar(255) NOT NULL,
  `city` varchar(200) NOT NULL,
  `postal` varchar(12) NOT NULL,
  `country_id` int(10) NOT NULL DEFAULT '0',
  `user_id` int(16) NOT NULL DEFAULT '0'
) ENGINE=InnoDB AUTO_INCREMENT=34 DEFAULT CHARSET=latin1;

--
-- Dumping data for table `customers`
--

INSERT INTO `customers` (`customer_id`, `name`, `email`, `phone`, `address1`, `address2`, `city`, `postal`, `country_id`, `user_id`) VALUES
  (28, 'Jorn Schalkwijk', 'jornschalkwijk@gmail.com', '620562039', 'Goudplevier 111', '', 'IJsselstein, Utrecht', '3403 AS', 0, 0),
  (33, 'Jan Schalkwij', 'janschalkwijk@gmail.com', '620562039', 'Goudplevier 111', '', 'IJsselstein, Utrecht', '3403 AS', 0, 0);

-- --------------------------------------------------------

--
-- Table structure for table `downloads`
--

CREATE TABLE `downloads` (
  `id` int(255) NOT NULL,
  `title` varchar(150) NOT NULL,
  `description` varchar(160) NOT NULL,
  `content` varchar(5000) NOT NULL,
  `keywords` varchar(3000) NOT NULL,
  `approved` tinyint(4) NOT NULL DEFAULT '0',
  `author` varchar(30) NOT NULL,
  `date` date NOT NULL,
  `category` varchar(30) NOT NULL,
  `trashed` tinyint(1) NOT NULL DEFAULT '0',
  `demo_url` varchar(1000) NOT NULL,
  `down_url` varchar(1000) NOT NULL
) ENGINE=InnoDB DEFAULT CHARSET=latin1;

-- --------------------------------------------------------

--
-- Table structure for table `files`
--

CREATE TABLE `files` (
  `file_id` int(255) NOT NULL,
  `name` varchar(50) NOT NULL,
  `type` varchar(50) NOT NULL,
  `file_name` varchar(100) NOT NULL,
  `thumb_name` varchar(100) NOT NULL,
  `album_id` int(255) NOT NULL,
  `date` date NOT NULL,
  `secured` tinyint(1) NOT NULL,
  `path` varchar(5000) NOT NULL,
  `thumb_path` varchar(5000) NOT NULL,
  `user_id` int(255) NOT NULL
) ENGINE=InnoDB AUTO_INCREMENT=265 DEFAULT CHARSET=latin1;

--
-- Dumping data for table `files`
--

INSERT INTO `files` (`file_id`, `name`, `type`, `file_name`, `thumb_name`, `album_id`, `date`, `secured`, `path`, `thumb_path`, `user_id`) VALUES
  (264, '2016-03-17 20.16.38 (1).jpg', 'jpg', '57c455166b28f4.04194173.jpg', '2016-03-17 20.16.38 (1).jpg.thumb_57c455166b28f4.04194173.jpg', 80, '2016-08-29', 0, 'files/users/henkie/57c455166b28f4.04194173.jpg', 'files/thumbs/users/henkie/2016-03-17 20.16.38 (1).jpg.thumb_57c455166b28f4.04194173.jpg', 26);

-- --------------------------------------------------------

--
-- Table structure for table `orders`
--

CREATE TABLE `orders` (
  `order_id` int(11) NOT NULL,
  `hash` varchar(255) NOT NULL,
  `total` float NOT NULL DEFAULT '0',
  `paid` tinyint(1) NOT NULL,
  `customer_id` int(11) NOT NULL
) ENGINE=InnoDB AUTO_INCREMENT=168 DEFAULT CHARSET=latin1;

--
-- Dumping data for table `orders`
--

INSERT INTO `orders` (`order_id`, `hash`, `total`, `paid`, `customer_id`) VALUES
  (163, 'e06f87e5c454fe693abd0863685ac3ad', 108.9, 0, 28),
  (164, 'ec110aba18454a4ffb9c545479e5365c', 36.3, 0, 28),
  (165, '30e6da6ad12c27b405d69f38ef228ca6', 24.2, 0, 30),
  (166, '995470c296716cd3a2778a90b98d22f8', 24.2, 0, 33),
  (167, '8e47611304ddd17b40d7e1d8d45729d1', 96.8, 0, 28);

-- --------------------------------------------------------

--
-- Table structure for table `orders_products`
--

CREATE TABLE `orders_products` (
  `id` int(11) NOT NULL,
  `order_id` int(255) NOT NULL,
  `product_id` int(255) NOT NULL,
  `quantity` int(255) NOT NULL
) ENGINE=InnoDB AUTO_INCREMENT=193 DEFAULT CHARSET=latin1;

--
-- Dumping data for table `orders_products`
--

INSERT INTO `orders_products` (`id`, `order_id`, `product_id`, `quantity`) VALUES
  (183, 163, 3, 4),
  (184, 163, 4, 5),
  (185, 164, 4, 3),
  (186, 165, 4, 2),
  (188, 166, 4, 2),
  (191, 167, 3, 5),
  (192, 167, 4, 3);

-- --------------------------------------------------------

--
-- Table structure for table `pages`
--

CREATE TABLE `pages` (
  `page_id` int(255) NOT NULL,
  `title` varchar(50) NOT NULL,
  `description` varchar(160) NOT NULL,
  `content` varchar(10000) NOT NULL,
  `approved` tinyint(10) NOT NULL,
  `author` varchar(30) NOT NULL,
  `date` date NOT NULL,
  `category_id` int(50) NOT NULL,
  `parent_id` int(50) NOT NULL,
  `trashed` tinyint(1) NOT NULL DEFAULT '0',
  `path` varchar(300) NOT NULL
) ENGINE=InnoDB AUTO_INCREMENT=76 DEFAULT CHARSET=latin1;

--
-- Dumping data for table `pages`
--

INSERT INTO `pages` (`page_id`, `title`, `description`, `content`, `approved`, `author`, `date`, `category_id`, `parent_id`, `trashed`, `path`) VALUES
  (74, 'About', 'This is all about Jorn Schalkwijk', '', 0, '', '0000-00-00', 0, 0, 0, ''),
  (75, 'Home', 'Self-taught Web-Developer Jorn Schalkwijk, check out his site!', '', 0, '', '0000-00-00', 0, 0, 0, '');

-- --------------------------------------------------------

--
-- Table structure for table `payments`
--

CREATE TABLE `payments` (
  `payment_id` int(11) NOT NULL,
  `order_id` int(11) NOT NULL,
  `failed` tinyint(1) NOT NULL,
  `transaction_id` varchar(255) NOT NULL
) ENGINE=InnoDB DEFAULT CHARSET=latin1;

-- --------------------------------------------------------

--
-- Table structure for table `posts`
--

CREATE TABLE `posts` (
  `post_id` int(255) NOT NULL,
  `title` varchar(150) NOT NULL,
  `description` varchar(160) NOT NULL,
  `content` varchar(5000) NOT NULL,
  `keywords` varchar(3000) NOT NULL,
  `approved` tinyint(4) NOT NULL DEFAULT '0',
  `author` varchar(30) NOT NULL,
  `date` date NOT NULL,
  `category_id` int(50) NOT NULL,
  `trashed` tinyint(1) NOT NULL DEFAULT '0'
) ENGINE=InnoDB AUTO_INCREMENT=114 DEFAULT CHARSET=latin1;

--
-- Dumping data for table `posts`
--

INSERT INTO `posts` (`post_id`, `title`, `description`, `content`, `keywords`, `approved`, `author`, `date`, `category_id`, `trashed`) VALUES
  (102, 'JANTJE', 'kantje', '<p>ccc</p>', '', 1, 'admin', '2016-04-09', 13, 0),
  (103, 'woody', 'woody', '<p>ddd</p>', '', 1, 'admin', '2016-04-09', 14, 0),
  (107, 'afbeelding', '', '<p>Test</p>', '', 1, 'admin', '2016-04-18', 11, 0),
  (108, 'haha', '', '<p><a href="/admin/files/products/Mensen/Hankie/56c86b08d54ee8.10189694.jpg"><img src="/admin/files/thumbs/products/Mensen/Hankie/dj-jorn-s.JPG.thumb_56c86b08d54ee8.10189694.jpg" alt="" /></a>&nbsp;<a href="/admin/files/products/Mensen/Hankie/56c75426d833e4.72716555.jpg"><img src="/admin/files/thumbs/products/Mensen/Hankie/dj-jorn.jpg.thumb_56c75426d833e4.72716555.jpg" alt="" /></a>&nbsp;<a href="/admin/files/products/Mensen/Jorn/56c75262b8ae22.19695673.jpg"><img src="/admin/files/thumbs/products/Mensen/Jorn/dj-jorn.jpg.thumb_56c75262b8ae22.19695673.jpg" alt="" /></a>&nbsp;<a href="/admin/files/products/Mensen/Jorn/56a89d35e33a95.92016683.jpg"><img src="/admin/files/thumbs/products/Mensen/Jorn/dj-jorn-s.JPG.thumb_56a89d35e33a95.92016683.jpg" alt="" /></a></p>\r\n<p>&nbsp;</p>', '', 1, 'admin', '2016-04-18', 11, 0),
  (109, 'Ik ben baas!', '', '<p>jorn</p>\r\n<p><a href="/admin/files/products/Mensen/Jorn/56c75262b8ae22.19695673.jpg"><img src="/admin/files/products/Mensen/Jorn/56c75262b8ae22.19695673.jpg" alt="" /></a></p>', '', 0, 'admin', '2016-04-29', 11, 0),
  (110, 'leipe shit', '', '<p><a href="/admin/files/products/Mensen/Jorn/56c75262b8ae22.19695673.jpg"><img src="/admin/files/products/Mensen/Jorn/56c75262b8ae22.19695673.jpg" alt="" width="730px" /></a><a href="/admin/files/products/Mensen/Jorn/56a89d35e33a95.92016683.jpg"><img src="/admin/files/products/Mensen/Jorn/56a89d35e33a95.92016683.jpg" alt="" width="730px" /></a></p>', '', 0, 'admin', '2016-05-01', 11, 0),
  (111, 'eindelijke!', '', '<p>Lorem ipsum dolor sit amet, consectetur adipiscing elit. Sed ac risus vel diam elementum congue. Aliquam sollicitudin ligula orci. Pellentesque habitant morbi tristique senectus et netus et malesuada fames ac turpis egestas. Pellentesque habitant morbi tristique senectus et netus et malesuada fames ac turpis egestas. Quisque ac dictum lacus. Proin at porta ante, nec euismod purus. Vivamus eu tellus sit amet orci mollis iaculis. Sed bibendum euismod tortor vel aliquet. In vel urna ac nisi pellentesque ornare. Sed faucibus at augue eu suscipit. Vestibulum gravida orci in libero sagittis, vitae venenatis dolor efficitur. Donec tincidunt felis sit amet velit aliquet, vel scelerisque nibh interdum. Nunc a finibus neque, sed accumsan tellus. Nullam fermentum laoreet elit id aliquet. Donec turpis velit, hendrerit a nisi in, feugiat viverra mi. Mauris quis massa id tortor sodales porttitor.</p>\r\n<p>Fusce justo nibh, pharetra sit amet dapibus eu, varius vitae purus. Pellentesque quam enim, varius et sem a, ultrices dictum dui. Curabitur lacus dolor, tincidunt id efficitur eu, aliquam id magna. Donec sit amet purus eget erat sagittis consectetur sed vel turpis. Curabitur feugiat ipsum quis fermentum tempus. Nam et purus eget neque faucibus laoreet eu non massa. In mollis purus sit amet tempor ultrices. Donec id erat vitae ligula viverra porta nec et neque. Sed ac nunc quis velit mollis feugiat eu eget libero. Donec ac magna sed ante vestibulum feugiat. Praesent eu erat pretium, imperdiet arcu ultricies, facilisis nibh. Suspendisse turpis tellus, maximus vehicula dolor et, cursus hendrerit nulla. Aenean finibus, ipsum a imperdiet fermentum, augue turpis interdum est, quis ultricies nisl nisl at dolor. Integer vulputate tempus magna vel efficitur. Vivamus ac elementum nibh, vel commodo sem.</p>\r\n<p>&nbsp;</p>', '', 1, 'admin', '2016-05-01', 11, 0),
  (112, 'sdafgd', '', '<p><a href="/admin/files/test/57652a6ea76614.59633065.jpg"><img src="http://cms:8888/admin/files/thumbs/test/ov.jpg.thumb_57652a6ea76614.59633065.jpg" alt="" /></a><a href="/admin/files/users/test/56c87796f2f961.52113602.jpg"><img src="/admin/files/thumbs/users/test/dj-jorn.jpg.thumb_56c87796f2f961.52113602.jpg" alt="" /></a></p>\r\n<p>&nbsp;</p>', '', 1, 'admin', '2016-05-19', 14, 0),
  (113, 'hihaha', '', '<p>test</p>', '', 0, 'admin', '2016-08-20', 18, 0);

-- --------------------------------------------------------

--
-- Table structure for table `products`
--

CREATE TABLE `products` (
  `product_id` int(255) NOT NULL,
  `name` varchar(60) NOT NULL,
  `category_id` int(50) NOT NULL,
  `price` float NOT NULL,
  `description` varchar(5000) NOT NULL,
  `discount_price` float NOT NULL,
  `savings` float NOT NULL,
  `tax_percentage` tinyint(2) NOT NULL,
  `tax` float NOT NULL,
  `total` float NOT NULL,
  `img_path` varchar(250) NOT NULL,
  `album_id` int(255) NOT NULL,
  `approved` tinyint(1) NOT NULL,
  `trashed` tinyint(1) NOT NULL,
  `date` date NOT NULL,
  `author` varchar(100) NOT NULL,
  `quantity` int(255) NOT NULL
) ENGINE=InnoDB AUTO_INCREMENT=6 DEFAULT CHARSET=latin1;

--
-- Dumping data for table `products`
--

INSERT INTO `products` (`product_id`, `name`, `category_id`, `price`, `description`, `discount_price`, `savings`, `tax_percentage`, `tax`, `total`, `img_path`, `album_id`, `approved`, `trashed`, `date`, `author`, `quantity`) VALUES
  (3, 'jorn', 0, 10, '<p>ddd</p>', 0, 0, 0, 0, 0, '', 56, 0, 0, '0000-00-00', '', 6),
  (4, 'jorn3', 0, 10, '<p>ddd</p>', 0, 0, 0, 0, 0, '', 56, 0, 0, '0000-00-00', '', 6),
  (5, 'jorn2', 17, 500, '<p>woohoe</p>', 0, 0, 0, 0, 0, '', 79, 0, 0, '0000-00-00', '', 40);

-- --------------------------------------------------------

--
-- Table structure for table `profiles`
--

CREATE TABLE `profiles` (
  `profile_id` int(30) NOT NULL,
  `profile_name` varchar(500) NOT NULL,
  `password` varchar(100) NOT NULL,
  `first_name` varbinary(500) NOT NULL,
  `last_name` varbinary(500) NOT NULL,
  `dob` varbinary(500) NOT NULL,
  `email` varbinary(500) NOT NULL,
  `function` varbinary(500) NOT NULL,
  `rights` varchar(500) NOT NULL,
  `token` varchar(100) NOT NULL,
  `trashed` tinyint(1) NOT NULL DEFAULT '0',
  `approved` tinyint(1) NOT NULL DEFAULT '0'
) ENGINE=InnoDB DEFAULT CHARSET=latin1;

-- --------------------------------------------------------

--
-- Table structure for table `users`
--

CREATE TABLE `users` (
  `user_id` int(30) NOT NULL,
  `username` varchar(500) NOT NULL,
  `password` varchar(100) NOT NULL,
  `first_name` varbinary(500) NOT NULL,
  `last_name` varbinary(500) NOT NULL,
  `dob` varbinary(500) NOT NULL,
  `email` varbinary(500) NOT NULL,
  `function` varbinary(500) NOT NULL,
  `rights` varbinary(500) NOT NULL,
  `img_path` varchar(150) NOT NULL,
  `album_id` int(55) NOT NULL,
  `token` varchar(100) NOT NULL,
  `trashed` tinyint(1) NOT NULL DEFAULT '0',
  `approved` tinyint(1) NOT NULL DEFAULT '0',
  `customer_id` int(11) DEFAULT '0'
) ENGINE=InnoDB AUTO_INCREMENT=33 DEFAULT CHARSET=latin1;

--
-- Dumping data for table `users`
--

INSERT INTO `users` (`user_id`, `username`, `password`, `first_name`, `last_name`, `dob`, `email`, `function`, `rights`, `img_path`, `album_id`, `token`, `trashed`, `approved`, `customer_id`) VALUES
  (26, 'admin', '$2y$10$MTc1YjI2OTE0ZmVjN2ZlM.srhqkbAPviVPYFMGYeXEGZlIrIaGoQK', 0x3734346565666535366364633666323939356639323936633762636134333534376266386237616636356466316634313437656665333431633764356332643535653036346532663837396239633537623135626562306231623032306238386562663866396232343031623138396235323839356161633435633633666662, 0x3736343865363732383238643839336162633032636335343238343135366135356263333435313364333165323862366130313461373236646631363039653235656533323866626330666164613134623030316635386335346430663437653062636332643239333134363437376636373231653737323961366531336132, '', 0x3363306262313833326262336236623730616233616539366535316432383430303139313131306632663736643264366330643530333038336537366238613964383563336666333863323732336433303033323234643234376532633133383033633130333939366331643838303966326362343265366665613538323635, 0x3037643435383264646561653830643430633962633961343737653765393331316463323036303132363131303764613032663030333737386530383735623233633833383062643464653337343363336531336436613131343462633664353531306161323264363833653930663162633635393363366436653933653137, 0x3439313136643139623462353165373265633164636239643361646438303761636161383437653465663764336638653866636439663839663935663966613563306238366433326433333633376138653763613662336539303363623561666335366531666234383033386436313633343635306439366538306563393735, '', 0, '5b2bb6736af2895a3200b0ac87e20fe6', 0, 0, 0),
  (27, 'jorn', '$2y$10$NDE4MzVkMTA5ZDgwNWUzOOHy2kGM7kMymi.s4A5Eyo2XSklPbGv7G', 0x6336383264353736353739336637623034616635623930633936626462306136656433303938613530383066386233306330353235636639396163376664353261323338313065353439633837343634363233333562356663626461306264623330353661623832643336666636616633333838366334363862393239363237, 0x6566313337383835616166353561373932623530326535343732386263396361303365623233313234393738363234316332313263316332383832383739376636313238343430613135633164346665333964633239623439643932336563353136316163336435393166373238396561653635633732663765626464303532, '', 0x6437653131626632326264623635346332646132313565383338386431353664393765373031643937356266323735316132363138346435616563656235613566333861376338316533626237336130613836376561366331346139346365633162666566303263653532316363333465653035623765336266663834383432, 0x3234643039663862373333363330373437386432393938636631383565316431356564613237396536323166616564626135353936626634313635303639663734633936303766316232646139326430353037363463626636666561663465363966666162663739383561326633373538633063363935383134343961346137, 0x6137626638356637653762303166333033346166316363356161386337303065353363393634613731343133303366663461366430623238396464616436613863626239303764656466373662346539346562633565653437386534393365623539363066633536613365343934323364623735343963323132353733346233, 'files/thumbs//users/trax-radio.jpg.thumb_567ffa86f0fb08.51076893.jpg', 0, 'd319ed8de11772e6cbf70eed1fe1b3d3', 0, 0, 0),
  (32, 'henkie', '$2y$10$MmNhYmZlYzE5NDY4N2Q3NOaIpJOMektrcRXslBDm0IfVGhR/c2u52', 0x3734343663316132373763356133343565663337333630636235623731393038666237633864383331653633343563306566333266643666376430373136373166333133323236663635313334363933666437383861373030316164326332396264353662316135343064333839313135623437626465326164393239323437, 0x3261656366643632616261303831343930333534303663313638333930646130633535613131393562303061376130646439643936323937666530353739646232653431383731373864316462316639393935623663383833313338383537663830306334383834653566643137333430616437613332393761643838353633, '', 0x38393833313265316166306439336333333231363335626466663265396661626664323832363361336661626563306131656263613335366437316561343133303930643037376134343066383936613064363534356163636132653433333134386633323163646364623138306530626231313433306135613935623265373930393438616636633865626439386362353832613238663539646136396431, 0x38623432373236646635343137353637333362313633396237323835366563636231356432613161323832666535323537353961656332386239383563653037343039393833383962363061313664326437366561636561313162626462313062663964353963633939346266663133313432353163313731363933356263303565646561343366353435663232363665653662636161663761646365303138, 0x6561663030656432633332363162396439326564306431353033343337393637663938616637393434396635623162626164393266343266343136666239353435306630646231643136666334353166646163663261623237383336356639333662646333663566643039316465366564333161613064613131353037343263, 'files/thumbs/users/henkie/2016-03-17 20.16.38 (1).jpg.thumb_57c455166b28f4.04194173.jpg', 80, '3058f7930251a394f8bc69b59ecdecc9', 0, 0, 0);

--
-- Indexes for dumped tables
--

--
-- Indexes for table `addresses`
--
ALTER TABLE `addresses`
ADD PRIMARY KEY (`address_id`);

--
-- Indexes for table `albums`
--
ALTER TABLE `albums`
ADD PRIMARY KEY (`album_id`);

--
-- Indexes for table `categories`
--
ALTER TABLE `categories`
ADD PRIMARY KEY (`categorie_id`);

--
-- Indexes for table `contacts`
--
ALTER TABLE `contacts`
ADD PRIMARY KEY (`contact_id`),
ADD UNIQUE KEY `contact_id` (`contact_id`);

--
-- Indexes for table `customers`
--
ALTER TABLE `customers`
ADD PRIMARY KEY (`customer_id`);

--
-- Indexes for table `downloads`
--
ALTER TABLE `downloads`
ADD PRIMARY KEY (`id`);

--
-- Indexes for table `files`
--
ALTER TABLE `files`
ADD PRIMARY KEY (`file_id`);

--
-- Indexes for table `orders`
--
ALTER TABLE `orders`
ADD PRIMARY KEY (`order_id`);

--
-- Indexes for table `orders_products`
--
ALTER TABLE `orders_products`
ADD PRIMARY KEY (`id`);

--
-- Indexes for table `pages`
--
ALTER TABLE `pages`
ADD PRIMARY KEY (`page_id`);

--
-- Indexes for table `payments`
--
ALTER TABLE `payments`
ADD PRIMARY KEY (`payment_id`);

--
-- Indexes for table `posts`
--
ALTER TABLE `posts`
ADD PRIMARY KEY (`post_id`);

--
-- Indexes for table `products`
--
ALTER TABLE `products`
ADD PRIMARY KEY (`product_id`);

--
-- Indexes for table `profiles`
--
ALTER TABLE `profiles`
ADD PRIMARY KEY (`profile_id`);

--
-- Indexes for table `users`
--
ALTER TABLE `users`
ADD PRIMARY KEY (`user_id`);

--
-- AUTO_INCREMENT for dumped tables
--

--
-- AUTO_INCREMENT for table `addresses`
--
ALTER TABLE `addresses`
MODIFY `address_id` int(11) NOT NULL AUTO_INCREMENT;
--
-- AUTO_INCREMENT for table `albums`
--
ALTER TABLE `albums`
MODIFY `album_id` int(255) NOT NULL AUTO_INCREMENT,AUTO_INCREMENT=82;
--
-- AUTO_INCREMENT for table `categories`
--
ALTER TABLE `categories`
MODIFY `categorie_id` int(255) NOT NULL AUTO_INCREMENT,AUTO_INCREMENT=21;
--
-- AUTO_INCREMENT for table `contacts`
--
ALTER TABLE `contacts`
MODIFY `contact_id` int(255) NOT NULL AUTO_INCREMENT,AUTO_INCREMENT=23;
--
-- AUTO_INCREMENT for table `customers`
--
ALTER TABLE `customers`
MODIFY `customer_id` int(11) NOT NULL AUTO_INCREMENT,AUTO_INCREMENT=34;
--
-- AUTO_INCREMENT for table `downloads`
--
ALTER TABLE `downloads`
MODIFY `id` int(255) NOT NULL AUTO_INCREMENT;
--
-- AUTO_INCREMENT for table `files`
--
ALTER TABLE `files`
MODIFY `file_id` int(255) NOT NULL AUTO_INCREMENT,AUTO_INCREMENT=265;
--
-- AUTO_INCREMENT for table `orders`
--
ALTER TABLE `orders`
MODIFY `order_id` int(11) NOT NULL AUTO_INCREMENT,AUTO_INCREMENT=168;
--
-- AUTO_INCREMENT for table `orders_products`
--
ALTER TABLE `orders_products`
MODIFY `id` int(11) NOT NULL AUTO_INCREMENT,AUTO_INCREMENT=193;
--
-- AUTO_INCREMENT for table `pages`
--
ALTER TABLE `pages`
MODIFY `page_id` int(255) NOT NULL AUTO_INCREMENT,AUTO_INCREMENT=76;
--
-- AUTO_INCREMENT for table `payments`
--
ALTER TABLE `payments`
MODIFY `payment_id` int(11) NOT NULL AUTO_INCREMENT;
--
-- AUTO_INCREMENT for table `posts`
--
ALTER TABLE `posts`
MODIFY `post_id` int(255) NOT NULL AUTO_INCREMENT,AUTO_INCREMENT=114;
--
-- AUTO_INCREMENT for table `products`
--
ALTER TABLE `products`
MODIFY `product_id` int(255) NOT NULL AUTO_INCREMENT,AUTO_INCREMENT=6;
--
-- AUTO_INCREMENT for table `profiles`
--
ALTER TABLE `profiles`
MODIFY `profile_id` int(30) NOT NULL AUTO_INCREMENT;
--
-- AUTO_INCREMENT for table `users`
--
ALTER TABLE `users`
MODIFY `user_id` int(30) NOT NULL AUTO_INCREMENT,AUTO_INCREMENT=33;